[{"name":"Mario Rossi","nickname":"89","content":"Ciao! Il mio primo post.Il mio primo post.Il mio primo post.Il mio primo post.Il mio primo post.Il mio primo post.Il mio primo post.Il mio primo post.Il mio primo post.Il mio primo post.Il mio primo post.Il mio primo post."},{"name":"Mario Rossi","nickname":"89","content":"Ciao! Il mio primo post.Il mio primo post.Il mio primo post.Il mio primo post.Il mio primo post.Il mio primo post.Il mio primo post.Il mio primo post.Il mio primo post.Il mio primo post.Il mio primo post.Il mio primo post."},{"name":"Mario Rossi","nickname":"89","content":"Ciao! Il mio primo post.Il mio primo post.Il mio primo post.Il mio primo post.Il mio primo post.Il mio primo post.Il mio primo post.Il mio primo post.Il mio primo post.Il mio primo post.Il mio primo post.Il mio primo post."},{"name":"Mario Rossi","nickname":"89","content":"Ciao! Il mio primo post.Il mio primo post.Il mio primo post.Il mio primo post.Il mio primo post.Il mio primo post.Il mio primo post.Il mio primo post.Il mio primo post.Il mio primo post.Il mio primo post.Il mio primo post."},{"name":"Simone","nickname":"19","content":"Ciao iuser si sono proprio io il bimbo della kinder\r\n"},{"name":"a","nickname":"1","content":"b"},{"name":"ciao","nickname":"66","content":"jhjhkljklm"},{"name":"andrea bonafede","nickname":"22","content":"ciao iuser si  mi hai scoperto sono proprio io Matteo Messina Denaro ma chi te l ha detto?"},{"name":"","nickname":"","content":""},{"name":"Ciao","nickname":"1","content":"aaaaa\r\n"}]